{"cameraMode":{"drawMode":0,"name":"Shaded","section":"Shading Mode"},"sceneLighting":false,"audioPlay":false,"sceneViewState":{"showFog":false,"showMaterialUpdate":false,"showSkybox":false,"showFlares":false,"showImageEffects":false,"showParticleSystems":false},"in2DMode":false,"pivot":{"x":-5.0,"y":0.5056436061859131,"z":0.005643278360366821},"rotation":{"x":-0.22672495245933534,"y":0.6671145558357239,"z":-0.22471889853477479,"w":-0.6731404066085815},"size":4.3028035163879398,"orthographic":false}