{"cameraMode":{"drawMode":0,"name":"Shaded","section":"Shading Mode"},"sceneLighting":false,"audioPlay":false,"sceneViewState":{"showFog":false,"showMaterialUpdate":false,"showSkybox":false,"showFlares":false,"showImageEffects":false,"showParticleSystems":false},"in2DMode":false,"pivot":{"x":251.88946533203126,"y":5.3088836669921879,"z":268.56597900390627},"rotation":{"x":-0.2327779233455658,"y":0.6650694608688355,"z":-0.23071181774139405,"w":-0.6710743308067322},"size":28.233720779418947,"orthographic":false}