{"cameraMode":{"drawMode":0,"name":"Shaded","section":"Shading Mode"},"sceneLighting":true,"audioPlay":false,"sceneViewState":{"showFog":false,"showMaterialUpdate":false,"showSkybox":false,"showFlares":false,"showImageEffects":false,"showParticleSystems":false},"in2DMode":false,"pivot":{"x":69.0,"y":4.860000133514404,"z":65.9800033569336},"rotation":{"x":-0.061031538993120196,"y":0.8849643468856812,"z":-0.12096483260393143,"w":-0.44564616680145266},"size":7.1749982833862309,"orthographic":false}